sector_j,gamma_cj
A01,0.8498199512624188
RUP,0.999999
RMID,0.999999
ELEC_CIT,0.8159232081093335
TEQ,0.6999593495532672
