sector_j,gamma_cj
A01,0.8529344432238943
RUP,0.999999
RMID,0.6832085286211701
ELEC_CIT,0.8302609477893428
TEQ,0.7018586361793144
