sector_j,gamma_cj
A01,0.615148618356362
RUP,0.7937905873718405
RMID,0.5738355358228716
ELEC_CIT,0.22107270779841215
TEQ,0.540859643958009
