sector_j,gamma_cj
A01,0.6302052206697708
RUP,0.6815534264721309
RMID,0.5722440575311367
ELEC_CIT,0.23010362424910308
TEQ,0.5220370150994542
